Variant,Seed,Episode,Cumulative_Steps,Return
Medium-Decay (10k),42,1,500,-500.0
Medium-Decay (10k),42,2,1000,-500.0
Medium-Decay (10k),42,3,1500,-500.0
Medium-Decay (10k),42,4,1971,-470.0
Medium-Decay (10k),42,5,2471,-500.0
Medium-Decay (10k),42,6,2929,-457.0
Medium-Decay (10k),42,7,3320,-390.0
Medium-Decay (10k),42,8,3820,-500.0
Medium-Decay (10k),42,9,4320,-500.0
Medium-Decay (10k),42,10,4704,-383.0
Medium-Decay (10k),42,11,5175,-470.0
Medium-Decay (10k),42,12,5675,-500.0
Medium-Decay (10k),42,13,6128,-452.0
Medium-Decay (10k),42,14,6360,-231.0
Medium-Decay (10k),42,15,6564,-203.0
Medium-Decay (10k),42,16,6865,-300.0
Medium-Decay (10k),42,17,7009,-143.0
Medium-Decay (10k),42,18,7174,-164.0
Medium-Decay (10k),42,19,7365,-190.0
Medium-Decay (10k),42,20,7475,-109.0
Medium-Decay (10k),42,21,7917,-441.0
Medium-Decay (10k),42,22,8041,-123.0
Medium-Decay (10k),42,23,8227,-185.0
Medium-Decay (10k),42,24,8361,-133.0
Medium-Decay (10k),42,25,8589,-227.0
Medium-Decay (10k),42,26,8732,-142.0
Medium-Decay (10k),42,27,8854,-121.0
Medium-Decay (10k),42,28,9029,-174.0
Medium-Decay (10k),42,29,9167,-137.0
Medium-Decay (10k),42,30,9349,-181.0
Medium-Decay (10k),42,31,9452,-102.0
Medium-Decay (10k),42,32,9583,-130.0
Medium-Decay (10k),42,33,9920,-336.0
Medium-Decay (10k),42,34,10043,-122.0
Medium-Decay (10k),42,35,10352,-308.0
Medium-Decay (10k),42,36,10475,-122.0
Medium-Decay (10k),42,37,10668,-192.0
Medium-Decay (10k),42,38,10833,-164.0
Medium-Decay (10k),42,39,10950,-116.0
Medium-Decay (10k),42,40,11101,-150.0
Medium-Decay (10k),42,41,11285,-183.0
Medium-Decay (10k),42,42,11458,-172.0
Medium-Decay (10k),42,43,11588,-129.0
Medium-Decay (10k),42,44,11819,-230.0
Medium-Decay (10k),42,45,12078,-258.0
Medium-Decay (10k),42,46,12286,-207.0
Medium-Decay (10k),42,47,12512,-225.0
Medium-Decay (10k),42,48,12734,-221.0
Medium-Decay (10k),42,49,12855,-120.0
Medium-Decay (10k),42,50,12964,-108.0
Medium-Decay (10k),42,51,13219,-254.0
Medium-Decay (10k),42,52,13315,-95.0
Medium-Decay (10k),42,53,13412,-96.0
Medium-Decay (10k),42,54,13580,-167.0
Medium-Decay (10k),42,55,13673,-92.0
Medium-Decay (10k),42,56,13816,-142.0
Medium-Decay (10k),42,57,13919,-102.0
Medium-Decay (10k),42,58,14100,-180.0
Medium-Decay (10k),42,59,14381,-280.0
Medium-Decay (10k),42,60,14536,-154.0
Medium-Decay (10k),42,61,14679,-142.0
Medium-Decay (10k),42,62,15179,-500.0
Medium-Decay (10k),42,63,15281,-101.0
Medium-Decay (10k),42,64,15454,-172.0
Medium-Decay (10k),42,65,15592,-137.0
Medium-Decay (10k),42,66,15702,-109.0
Medium-Decay (10k),42,67,15897,-194.0
Medium-Decay (10k),42,68,16008,-110.0
Medium-Decay (10k),42,69,16143,-134.0
Medium-Decay (10k),42,70,16308,-164.0
Medium-Decay (10k),42,71,16444,-135.0
Medium-Decay (10k),42,72,16572,-127.0
Medium-Decay (10k),42,73,16704,-131.0
Medium-Decay (10k),42,74,16827,-122.0
Medium-Decay (10k),42,75,16960,-132.0
Medium-Decay (10k),42,76,17136,-175.0
Medium-Decay (10k),42,77,17325,-188.0
Medium-Decay (10k),42,78,17467,-141.0
Medium-Decay (10k),42,79,17622,-154.0
Medium-Decay (10k),42,80,17727,-104.0
Medium-Decay (10k),42,81,17862,-134.0
Medium-Decay (10k),42,82,17998,-135.0
Medium-Decay (10k),42,83,18178,-179.0
Medium-Decay (10k),42,84,18288,-109.0
Medium-Decay (10k),42,85,18421,-132.0
Medium-Decay (10k),42,86,18536,-114.0
Medium-Decay (10k),42,87,18608,-71.0
Medium-Decay (10k),42,88,18723,-114.0
Medium-Decay (10k),42,89,18847,-123.0
Medium-Decay (10k),42,90,18967,-119.0
Medium-Decay (10k),42,91,19069,-101.0
Medium-Decay (10k),42,92,19215,-145.0
Medium-Decay (10k),42,93,19328,-112.0
Medium-Decay (10k),42,94,19497,-168.0
Medium-Decay (10k),42,95,19602,-104.0
Medium-Decay (10k),42,96,19701,-98.0
Medium-Decay (10k),42,97,19811,-109.0
Medium-Decay (10k),42,98,20167,-355.0
Medium-Decay (10k),42,99,20260,-92.0
Medium-Decay (10k),42,100,20372,-111.0
Medium-Decay (10k),42,101,20494,-121.0
Medium-Decay (10k),42,102,20571,-76.0
Medium-Decay (10k),42,103,20684,-112.0
Medium-Decay (10k),42,104,20826,-141.0
Medium-Decay (10k),42,105,20923,-96.0
Medium-Decay (10k),42,106,21037,-113.0
Medium-Decay (10k),42,107,21140,-102.0
Medium-Decay (10k),42,108,21265,-124.0
Medium-Decay (10k),42,109,21439,-173.0
Medium-Decay (10k),42,110,21546,-106.0
Medium-Decay (10k),42,111,21643,-96.0
Medium-Decay (10k),42,112,21751,-107.0
Medium-Decay (10k),42,113,21836,-84.0
Medium-Decay (10k),42,114,21949,-112.0
Medium-Decay (10k),42,115,22122,-172.0
Medium-Decay (10k),42,116,22214,-91.0
Medium-Decay (10k),42,117,22315,-100.0
Medium-Decay (10k),42,118,22434,-118.0
Medium-Decay (10k),42,119,22540,-105.0
Medium-Decay (10k),42,120,22653,-112.0
Medium-Decay (10k),42,121,22756,-102.0
Medium-Decay (10k),42,122,22858,-101.0
Medium-Decay (10k),42,123,22967,-108.0
Medium-Decay (10k),42,124,23053,-85.0
Medium-Decay (10k),42,125,23240,-186.0
Medium-Decay (10k),42,126,23368,-127.0
Medium-Decay (10k),42,127,23462,-93.0
Medium-Decay (10k),42,128,23547,-84.0
Medium-Decay (10k),42,129,23677,-129.0
Medium-Decay (10k),42,130,23767,-89.0
Medium-Decay (10k),42,131,23866,-98.0
Medium-Decay (10k),42,132,23957,-90.0
Medium-Decay (10k),42,133,24054,-96.0
Medium-Decay (10k),42,134,24554,-500.0
Medium-Decay (10k),42,135,24677,-122.0
Medium-Decay (10k),42,136,24784,-106.0
Medium-Decay (10k),42,137,24878,-93.0
Medium-Decay (10k),42,138,25015,-136.0
Medium-Decay (10k),42,139,25105,-89.0
Medium-Decay (10k),42,140,25199,-93.0
Medium-Decay (10k),42,141,25313,-113.0
Medium-Decay (10k),42,142,25405,-91.0
Medium-Decay (10k),42,143,25494,-88.0
Medium-Decay (10k),42,144,25664,-169.0
Medium-Decay (10k),42,145,25782,-117.0
Medium-Decay (10k),42,146,25879,-96.0
Medium-Decay (10k),42,147,25974,-94.0
Medium-Decay (10k),42,148,26085,-110.0
Medium-Decay (10k),42,149,26214,-128.0
Medium-Decay (10k),42,150,26320,-105.0
Medium-Decay (10k),42,151,26400,-79.0
Medium-Decay (10k),42,152,26512,-111.0
Medium-Decay (10k),42,153,26602,-89.0
Medium-Decay (10k),42,154,26755,-152.0
Medium-Decay (10k),42,155,26843,-87.0
Medium-Decay (10k),42,156,27030,-186.0
Medium-Decay (10k),42,157,27140,-109.0
Medium-Decay (10k),42,158,27234,-93.0
Medium-Decay (10k),42,159,27354,-119.0
Medium-Decay (10k),42,160,27466,-111.0
Medium-Decay (10k),42,161,27552,-85.0
Medium-Decay (10k),42,162,27632,-79.0
Medium-Decay (10k),42,163,27708,-75.0
Medium-Decay (10k),42,164,27825,-116.0
Medium-Decay (10k),42,165,27997,-171.0
Medium-Decay (10k),42,166,28142,-144.0
Medium-Decay (10k),42,167,28270,-127.0
Medium-Decay (10k),42,168,28517,-246.0
Medium-Decay (10k),42,169,28733,-215.0
Medium-Decay (10k),42,170,28831,-97.0
Medium-Decay (10k),42,171,28909,-77.0
Medium-Decay (10k),42,172,29022,-112.0
Medium-Decay (10k),42,173,29166,-143.0
Medium-Decay (10k),42,174,29297,-130.0
Medium-Decay (10k),42,175,29450,-152.0
Medium-Decay (10k),42,176,29615,-164.0
Medium-Decay (10k),42,177,29704,-88.0
Medium-Decay (10k),42,178,29878,-173.0
Medium-Decay (10k),42,179,29974,-95.0
Medium-Decay (10k),42,180,30072,-97.0
Medium-Decay (10k),42,181,30152,-79.0
Medium-Decay (10k),42,182,30247,-94.0
Medium-Decay (10k),42,183,30349,-101.0
Medium-Decay (10k),42,184,30447,-97.0
Medium-Decay (10k),42,185,30559,-111.0
Medium-Decay (10k),42,186,30651,-91.0
Medium-Decay (10k),42,187,30749,-97.0
Medium-Decay (10k),42,188,30872,-122.0
Medium-Decay (10k),42,189,30983,-110.0
Medium-Decay (10k),42,190,31096,-112.0
Medium-Decay (10k),42,191,31180,-83.0
Medium-Decay (10k),42,192,31256,-75.0
Medium-Decay (10k),42,193,31354,-97.0
Medium-Decay (10k),42,194,31460,-105.0
Medium-Decay (10k),42,195,31594,-133.0
Medium-Decay (10k),42,196,31692,-97.0
Medium-Decay (10k),42,197,31796,-103.0
Medium-Decay (10k),42,198,31863,-66.0
Medium-Decay (10k),42,199,31959,-95.0
Medium-Decay (10k),42,200,32034,-74.0
Medium-Decay (10k),42,201,32141,-106.0
Medium-Decay (10k),42,202,32236,-94.0
Medium-Decay (10k),42,203,32315,-78.0
Medium-Decay (10k),42,204,32395,-79.0
Medium-Decay (10k),42,205,32458,-62.0
Medium-Decay (10k),42,206,32571,-112.0
Medium-Decay (10k),42,207,32683,-111.0
Medium-Decay (10k),42,208,32798,-114.0
Medium-Decay (10k),42,209,32894,-95.0
Medium-Decay (10k),42,210,32997,-102.0
Medium-Decay (10k),42,211,33103,-105.0
Medium-Decay (10k),42,212,33189,-85.0
Medium-Decay (10k),42,213,33284,-94.0
Medium-Decay (10k),42,214,33379,-94.0
Medium-Decay (10k),42,215,33468,-88.0
Medium-Decay (10k),42,216,33616,-147.0
Medium-Decay (10k),42,217,33701,-84.0
Medium-Decay (10k),42,218,33807,-105.0
Medium-Decay (10k),42,219,33897,-89.0
Medium-Decay (10k),42,220,33988,-90.0
Medium-Decay (10k),42,221,34171,-182.0
Medium-Decay (10k),42,222,34269,-97.0
Medium-Decay (10k),42,223,34360,-90.0
Medium-Decay (10k),42,224,34456,-95.0
Medium-Decay (10k),42,225,34547,-90.0
Medium-Decay (10k),42,226,34612,-64.0
Medium-Decay (10k),42,227,34796,-183.0
Medium-Decay (10k),42,228,34904,-107.0
Medium-Decay (10k),42,229,34990,-85.0
Medium-Decay (10k),42,230,35064,-73.0
Medium-Decay (10k),42,231,35157,-92.0
Medium-Decay (10k),42,232,35232,-74.0
Medium-Decay (10k),42,233,35353,-120.0
Medium-Decay (10k),42,234,35418,-64.0
Medium-Decay (10k),42,235,35496,-77.0
Medium-Decay (10k),42,236,35595,-98.0
Medium-Decay (10k),42,237,35681,-85.0
Medium-Decay (10k),42,238,35749,-67.0
Medium-Decay (10k),42,239,35824,-74.0
Medium-Decay (10k),42,240,35925,-100.0
Medium-Decay (10k),42,241,36022,-96.0
Medium-Decay (10k),42,242,36123,-100.0
Medium-Decay (10k),42,243,36247,-123.0
Medium-Decay (10k),42,244,36325,-77.0
Medium-Decay (10k),42,245,36410,-84.0
Medium-Decay (10k),42,246,36517,-106.0
Medium-Decay (10k),42,247,36629,-111.0
Medium-Decay (10k),42,248,36730,-100.0
Medium-Decay (10k),42,249,36807,-76.0
Medium-Decay (10k),42,250,36906,-98.0
Medium-Decay (10k),42,251,37009,-102.0
Medium-Decay (10k),42,252,37098,-88.0
Medium-Decay (10k),42,253,37199,-100.0
Medium-Decay (10k),42,254,37288,-88.0
Medium-Decay (10k),42,255,37394,-105.0
Medium-Decay (10k),42,256,37486,-91.0
Medium-Decay (10k),42,257,37583,-96.0
Medium-Decay (10k),42,258,37692,-108.0
Medium-Decay (10k),42,259,37801,-108.0
Medium-Decay (10k),42,260,37883,-81.0
Medium-Decay (10k),42,261,37988,-104.0
Medium-Decay (10k),42,262,38071,-82.0
Medium-Decay (10k),42,263,38151,-79.0
Medium-Decay (10k),42,264,38245,-93.0
Medium-Decay (10k),42,265,38342,-96.0
Medium-Decay (10k),42,266,38427,-84.0
Medium-Decay (10k),42,267,38526,-98.0
Medium-Decay (10k),42,268,38620,-93.0
Medium-Decay (10k),42,269,38709,-88.0
Medium-Decay (10k),42,270,38831,-121.0
Medium-Decay (10k),42,271,38910,-78.0
Medium-Decay (10k),42,272,39018,-107.0
Medium-Decay (10k),42,273,39122,-103.0
Medium-Decay (10k),42,274,39206,-83.0
Medium-Decay (10k),42,275,39289,-82.0
Medium-Decay (10k),42,276,39365,-75.0
Medium-Decay (10k),42,277,39460,-94.0
Medium-Decay (10k),42,278,39539,-78.0
Medium-Decay (10k),42,279,39624,-84.0
Medium-Decay (10k),42,280,39728,-103.0
Medium-Decay (10k),42,281,39804,-75.0
Medium-Decay (10k),42,282,39913,-108.0
Medium-Decay (10k),42,283,40028,-114.0
Medium-Decay (10k),42,284,40135,-106.0
Medium-Decay (10k),42,285,40245,-109.0
Medium-Decay (10k),42,286,40373,-127.0
Medium-Decay (10k),42,287,40466,-92.0
Medium-Decay (10k),42,288,40549,-82.0
Medium-Decay (10k),42,289,40661,-111.0
Medium-Decay (10k),42,290,40764,-102.0
Medium-Decay (10k),42,291,40839,-74.0
Medium-Decay (10k),42,292,40934,-94.0
Medium-Decay (10k),42,293,41036,-101.0
Medium-Decay (10k),42,294,41126,-89.0
Medium-Decay (10k),42,295,41205,-78.0
Medium-Decay (10k),42,296,41333,-127.0
Medium-Decay (10k),42,297,41418,-84.0
Medium-Decay (10k),42,298,41517,-98.0
Medium-Decay (10k),42,299,41621,-103.0
Medium-Decay (10k),42,300,41685,-63.0
Medium-Decay (10k),42,301,41806,-120.0
Medium-Decay (10k),42,302,41899,-92.0
Medium-Decay (10k),42,303,41972,-72.0
Medium-Decay (10k),42,304,42061,-88.0
Medium-Decay (10k),42,305,42178,-116.0
Medium-Decay (10k),42,306,42277,-98.0
Medium-Decay (10k),42,307,42380,-102.0
Medium-Decay (10k),42,308,42474,-93.0
Medium-Decay (10k),42,309,42585,-110.0
Medium-Decay (10k),42,310,42662,-76.0
Medium-Decay (10k),42,311,42725,-62.0
Medium-Decay (10k),42,312,42826,-100.0
Medium-Decay (10k),42,313,42913,-86.0
Medium-Decay (10k),42,314,43003,-89.0
Medium-Decay (10k),42,315,43084,-80.0
Medium-Decay (10k),42,316,43187,-102.0
Medium-Decay (10k),42,317,43265,-77.0
Medium-Decay (10k),42,318,43330,-64.0
Medium-Decay (10k),42,319,43413,-82.0
Medium-Decay (10k),42,320,43488,-74.0
Medium-Decay (10k),42,321,43573,-84.0
Medium-Decay (10k),42,322,43647,-73.0
Medium-Decay (10k),42,323,43726,-78.0
Medium-Decay (10k),42,324,43817,-90.0
Medium-Decay (10k),42,325,43902,-84.0
Medium-Decay (10k),42,326,43974,-71.0
Medium-Decay (10k),42,327,44051,-76.0
Medium-Decay (10k),42,328,44151,-99.0
Medium-Decay (10k),42,329,44266,-114.0
Medium-Decay (10k),42,330,44362,-95.0
Medium-Decay (10k),42,331,44448,-85.0
Medium-Decay (10k),42,332,44533,-84.0
Medium-Decay (10k),42,333,44618,-84.0
Medium-Decay (10k),42,334,44709,-90.0
Medium-Decay (10k),42,335,44799,-89.0
Medium-Decay (10k),42,336,44962,-162.0
Medium-Decay (10k),42,337,45065,-102.0
Medium-Decay (10k),42,338,45140,-74.0
Medium-Decay (10k),42,339,45233,-92.0
Medium-Decay (10k),42,340,45309,-75.0
Medium-Decay (10k),42,341,45386,-76.0
Medium-Decay (10k),42,342,45463,-76.0
Medium-Decay (10k),42,343,45553,-89.0
Medium-Decay (10k),42,344,45647,-93.0
Medium-Decay (10k),42,345,45731,-83.0
Medium-Decay (10k),42,346,45821,-89.0
Medium-Decay (10k),42,347,45885,-63.0
Medium-Decay (10k),42,348,46003,-117.0
Medium-Decay (10k),42,349,46087,-83.0
Medium-Decay (10k),42,350,46184,-96.0
Medium-Decay (10k),42,351,46283,-98.0
Medium-Decay (10k),42,352,46368,-84.0
Medium-Decay (10k),42,353,46478,-109.0
Medium-Decay (10k),42,354,46556,-77.0
Medium-Decay (10k),42,355,46651,-94.0
Medium-Decay (10k),42,356,46733,-81.0
Medium-Decay (10k),42,357,46798,-64.0
Medium-Decay (10k),42,358,46881,-82.0
Medium-Decay (10k),42,359,46963,-81.0
Medium-Decay (10k),42,360,47047,-83.0
Medium-Decay (10k),42,361,47118,-70.0
Medium-Decay (10k),42,362,47189,-70.0
Medium-Decay (10k),42,363,47278,-88.0
Medium-Decay (10k),42,364,47363,-84.0
Medium-Decay (10k),42,365,47440,-76.0
Medium-Decay (10k),42,366,47523,-82.0
Medium-Decay (10k),42,367,47586,-62.0
Medium-Decay (10k),42,368,47668,-81.0
Medium-Decay (10k),42,369,47756,-87.0
Medium-Decay (10k),42,370,47847,-90.0
Medium-Decay (10k),42,371,47950,-102.0
Medium-Decay (10k),42,372,48027,-76.0
Medium-Decay (10k),42,373,48099,-71.0
Medium-Decay (10k),42,374,48177,-77.0
Medium-Decay (10k),42,375,48270,-92.0
Medium-Decay (10k),42,376,48353,-82.0
Medium-Decay (10k),42,377,48449,-95.0
Medium-Decay (10k),42,378,48541,-91.0
Medium-Decay (10k),42,379,48612,-70.0
Medium-Decay (10k),42,380,48696,-83.0
Medium-Decay (10k),42,381,48788,-91.0
Medium-Decay (10k),42,382,48884,-95.0
Medium-Decay (10k),42,383,48961,-76.0
Medium-Decay (10k),42,384,49048,-86.0
Medium-Decay (10k),42,385,49133,-84.0
Medium-Decay (10k),42,386,49236,-102.0
Medium-Decay (10k),42,387,49330,-93.0
Medium-Decay (10k),42,388,49424,-93.0
Medium-Decay (10k),42,389,49527,-102.0
Medium-Decay (10k),42,390,49623,-95.0
Medium-Decay (10k),42,391,49699,-75.0
Medium-Decay (10k),42,392,49780,-80.0
Medium-Decay (10k),42,393,49860,-79.0
Medium-Decay (10k),42,394,49937,-76.0
Medium-Decay (10k),42,395,50037,-99.0
Medium-Decay (10k),42,396,50124,-86.0
Medium-Decay (10k),42,397,50218,-93.0
Medium-Decay (10k),42,398,50314,-95.0
Medium-Decay (10k),42,399,50409,-94.0
Medium-Decay (10k),42,400,50473,-63.0
Medium-Decay (10k),1337,1,500,-500.0
Medium-Decay (10k),1337,2,1000,-500.0
Medium-Decay (10k),1337,3,1500,-500.0
Medium-Decay (10k),1337,4,2000,-500.0
Medium-Decay (10k),1337,5,2333,-332.0
Medium-Decay (10k),1337,6,2746,-412.0
Medium-Decay (10k),1337,7,2992,-245.0
Medium-Decay (10k),1337,8,3358,-365.0
Medium-Decay (10k),1337,9,3672,-313.0
Medium-Decay (10k),1337,10,3945,-272.0
Medium-Decay (10k),1337,11,4236,-290.0
Medium-Decay (10k),1337,12,4600,-363.0
Medium-Decay (10k),1337,13,4945,-344.0
Medium-Decay (10k),1337,14,5092,-146.0
Medium-Decay (10k),1337,15,5562,-469.0
Medium-Decay (10k),1337,16,6062,-500.0
Medium-Decay (10k),1337,17,6299,-236.0
Medium-Decay (10k),1337,18,6495,-195.0
Medium-Decay (10k),1337,19,6713,-217.0
Medium-Decay (10k),1337,20,6860,-146.0
Medium-Decay (10k),1337,21,7024,-163.0
Medium-Decay (10k),1337,22,7317,-292.0
Medium-Decay (10k),1337,23,7465,-147.0
Medium-Decay (10k),1337,24,7558,-92.0
Medium-Decay (10k),1337,25,7700,-141.0
Medium-Decay (10k),1337,26,7837,-136.0
Medium-Decay (10k),1337,27,7991,-153.0
Medium-Decay (10k),1337,28,8200,-208.0
Medium-Decay (10k),1337,29,8325,-124.0
Medium-Decay (10k),1337,30,8457,-131.0
Medium-Decay (10k),1337,31,8621,-163.0
Medium-Decay (10k),1337,32,8715,-93.0
Medium-Decay (10k),1337,33,8825,-109.0
Medium-Decay (10k),1337,34,8972,-146.0
Medium-Decay (10k),1337,35,9093,-120.0
Medium-Decay (10k),1337,36,9223,-129.0
Medium-Decay (10k),1337,37,9351,-127.0
Medium-Decay (10k),1337,38,9468,-116.0
Medium-Decay (10k),1337,39,9590,-121.0
Medium-Decay (10k),1337,40,9691,-100.0
Medium-Decay (10k),1337,41,9834,-142.0
Medium-Decay (10k),1337,42,9918,-83.0
Medium-Decay (10k),1337,43,10010,-91.0
Medium-Decay (10k),1337,44,10264,-253.0
Medium-Decay (10k),1337,45,10509,-244.0
Medium-Decay (10k),1337,46,10615,-105.0
Medium-Decay (10k),1337,47,10696,-80.0
Medium-Decay (10k),1337,48,10797,-100.0
Medium-Decay (10k),1337,49,10942,-144.0
Medium-Decay (10k),1337,50,11049,-106.0
Medium-Decay (10k),1337,51,11164,-114.0
Medium-Decay (10k),1337,52,11303,-138.0
Medium-Decay (10k),1337,53,11394,-90.0
Medium-Decay (10k),1337,54,11494,-99.0
Medium-Decay (10k),1337,55,11601,-106.0
Medium-Decay (10k),1337,56,11794,-192.0
Medium-Decay (10k),1337,57,11910,-115.0
Medium-Decay (10k),1337,58,12039,-128.0
Medium-Decay (10k),1337,59,12133,-93.0
Medium-Decay (10k),1337,60,12213,-79.0
Medium-Decay (10k),1337,61,12323,-109.0
Medium-Decay (10k),1337,62,12448,-124.0
Medium-Decay (10k),1337,63,12587,-138.0
Medium-Decay (10k),1337,64,12707,-119.0
Medium-Decay (10k),1337,65,12942,-234.0
Medium-Decay (10k),1337,66,13020,-77.0
Medium-Decay (10k),1337,67,13134,-113.0
Medium-Decay (10k),1337,68,13265,-130.0
Medium-Decay (10k),1337,69,13427,-161.0
Medium-Decay (10k),1337,70,13620,-192.0
Medium-Decay (10k),1337,71,13718,-97.0
Medium-Decay (10k),1337,72,13879,-160.0
Medium-Decay (10k),1337,73,14002,-122.0
Medium-Decay (10k),1337,74,14170,-167.0
Medium-Decay (10k),1337,75,14281,-110.0
Medium-Decay (10k),1337,76,14369,-87.0
Medium-Decay (10k),1337,77,14578,-208.0
Medium-Decay (10k),1337,78,14712,-133.0
Medium-Decay (10k),1337,79,14885,-172.0
Medium-Decay (10k),1337,80,15020,-134.0
Medium-Decay (10k),1337,81,15133,-112.0
Medium-Decay (10k),1337,82,15263,-129.0
Medium-Decay (10k),1337,83,15402,-138.0
Medium-Decay (10k),1337,84,15688,-285.0
Medium-Decay (10k),1337,85,15839,-150.0
Medium-Decay (10k),1337,86,15981,-141.0
Medium-Decay (10k),1337,87,16134,-152.0
Medium-Decay (10k),1337,88,16289,-154.0
Medium-Decay (10k),1337,89,16435,-145.0
Medium-Decay (10k),1337,90,16574,-138.0
Medium-Decay (10k),1337,91,16708,-133.0
Medium-Decay (10k),1337,92,16845,-136.0
Medium-Decay (10k),1337,93,16996,-150.0
Medium-Decay (10k),1337,94,17099,-102.0
Medium-Decay (10k),1337,95,17200,-100.0
Medium-Decay (10k),1337,96,17276,-75.0
Medium-Decay (10k),1337,97,17385,-108.0
Medium-Decay (10k),1337,98,17505,-119.0
Medium-Decay (10k),1337,99,17588,-82.0
Medium-Decay (10k),1337,100,17682,-93.0
Medium-Decay (10k),1337,101,17793,-110.0
Medium-Decay (10k),1337,102,17891,-97.0
Medium-Decay (10k),1337,103,17986,-94.0
Medium-Decay (10k),1337,104,18115,-128.0
Medium-Decay (10k),1337,105,18248,-132.0
Medium-Decay (10k),1337,106,18378,-129.0
Medium-Decay (10k),1337,107,18467,-88.0
Medium-Decay (10k),1337,108,18587,-119.0
Medium-Decay (10k),1337,109,18704,-116.0
Medium-Decay (10k),1337,110,18803,-98.0
Medium-Decay (10k),1337,111,18889,-85.0
Medium-Decay (10k),1337,112,18991,-101.0
Medium-Decay (10k),1337,113,19103,-111.0
Medium-Decay (10k),1337,114,19202,-98.0
Medium-Decay (10k),1337,115,19336,-133.0
Medium-Decay (10k),1337,116,19465,-128.0
Medium-Decay (10k),1337,117,19598,-132.0
Medium-Decay (10k),1337,118,19727,-128.0
Medium-Decay (10k),1337,119,19818,-90.0
Medium-Decay (10k),1337,120,19903,-84.0
Medium-Decay (10k),1337,121,19999,-95.0
Medium-Decay (10k),1337,122,20100,-100.0
Medium-Decay (10k),1337,123,20202,-101.0
Medium-Decay (10k),1337,124,20324,-121.0
Medium-Decay (10k),1337,125,20451,-126.0
Medium-Decay (10k),1337,126,20561,-109.0
Medium-Decay (10k),1337,127,20642,-80.0
Medium-Decay (10k),1337,128,20728,-85.0
Medium-Decay (10k),1337,129,20818,-89.0
Medium-Decay (10k),1337,130,20903,-84.0
Medium-Decay (10k),1337,131,20992,-88.0
Medium-Decay (10k),1337,132,21107,-114.0
Medium-Decay (10k),1337,133,21214,-106.0
Medium-Decay (10k),1337,134,21331,-116.0
Medium-Decay (10k),1337,135,21441,-109.0
Medium-Decay (10k),1337,136,21539,-97.0
Medium-Decay (10k),1337,137,21652,-112.0
Medium-Decay (10k),1337,138,21771,-118.0
Medium-Decay (10k),1337,139,21920,-148.0
Medium-Decay (10k),1337,140,22069,-148.0
Medium-Decay (10k),1337,141,22172,-102.0
Medium-Decay (10k),1337,142,22269,-96.0
Medium-Decay (10k),1337,143,22363,-93.0
Medium-Decay (10k),1337,144,22467,-103.0
Medium-Decay (10k),1337,145,22593,-125.0
Medium-Decay (10k),1337,146,22691,-97.0
Medium-Decay (10k),1337,147,22797,-105.0
Medium-Decay (10k),1337,148,22880,-82.0
Medium-Decay (10k),1337,149,22973,-92.0
Medium-Decay (10k),1337,150,23073,-99.0
Medium-Decay (10k),1337,151,23157,-83.0
Medium-Decay (10k),1337,152,23260,-102.0
Medium-Decay (10k),1337,153,23359,-98.0
Medium-Decay (10k),1337,154,23468,-108.0
Medium-Decay (10k),1337,155,23568,-99.0
Medium-Decay (10k),1337,156,23668,-99.0
Medium-Decay (10k),1337,157,23806,-137.0
Medium-Decay (10k),1337,158,23888,-81.0
Medium-Decay (10k),1337,159,23978,-89.0
Medium-Decay (10k),1337,160,24067,-88.0
Medium-Decay (10k),1337,161,24162,-94.0
Medium-Decay (10k),1337,162,24258,-95.0
Medium-Decay (10k),1337,163,24338,-79.0
Medium-Decay (10k),1337,164,24434,-95.0
Medium-Decay (10k),1337,165,24528,-93.0
Medium-Decay (10k),1337,166,24621,-92.0
Medium-Decay (10k),1337,167,24705,-83.0
Medium-Decay (10k),1337,168,24811,-105.0
Medium-Decay (10k),1337,169,24909,-97.0
Medium-Decay (10k),1337,170,25001,-91.0
Medium-Decay (10k),1337,171,25100,-98.0
Medium-Decay (10k),1337,172,25190,-89.0
Medium-Decay (10k),1337,173,25263,-72.0
Medium-Decay (10k),1337,174,25359,-95.0
Medium-Decay (10k),1337,175,25466,-106.0
Medium-Decay (10k),1337,176,25558,-91.0
Medium-Decay (10k),1337,177,25645,-86.0
Medium-Decay (10k),1337,178,25721,-75.0
Medium-Decay (10k),1337,179,25835,-113.0
Medium-Decay (10k),1337,180,25931,-95.0
Medium-Decay (10k),1337,181,26016,-84.0
Medium-Decay (10k),1337,182,26128,-111.0
Medium-Decay (10k),1337,183,26220,-91.0
Medium-Decay (10k),1337,184,26292,-71.0
Medium-Decay (10k),1337,185,26402,-109.0
Medium-Decay (10k),1337,186,26494,-91.0
Medium-Decay (10k),1337,187,26591,-96.0
Medium-Decay (10k),1337,188,26664,-72.0
Medium-Decay (10k),1337,189,26759,-94.0
Medium-Decay (10k),1337,190,26844,-84.0
Medium-Decay (10k),1337,191,26919,-74.0
Medium-Decay (10k),1337,192,27007,-87.0
Medium-Decay (10k),1337,193,27083,-75.0
Medium-Decay (10k),1337,194,27162,-78.0
Medium-Decay (10k),1337,195,27266,-103.0
Medium-Decay (10k),1337,196,27351,-84.0
Medium-Decay (10k),1337,197,27461,-109.0
Medium-Decay (10k),1337,198,27536,-74.0
Medium-Decay (10k),1337,199,27623,-86.0
Medium-Decay (10k),1337,200,27698,-74.0
Medium-Decay (10k),1337,201,27785,-86.0
Medium-Decay (10k),1337,202,27868,-82.0
Medium-Decay (10k),1337,203,27968,-99.0
Medium-Decay (10k),1337,204,28060,-91.0
Medium-Decay (10k),1337,205,28134,-73.0
Medium-Decay (10k),1337,206,28223,-88.0
Medium-Decay (10k),1337,207,28294,-70.0
Medium-Decay (10k),1337,208,28388,-93.0
Medium-Decay (10k),1337,209,28470,-81.0
Medium-Decay (10k),1337,210,28535,-64.0
Medium-Decay (10k),1337,211,28630,-94.0
Medium-Decay (10k),1337,212,28758,-127.0
Medium-Decay (10k),1337,213,28836,-77.0
Medium-Decay (10k),1337,214,28912,-75.0
Medium-Decay (10k),1337,215,29008,-95.0
Medium-Decay (10k),1337,216,29092,-83.0
Medium-Decay (10k),1337,217,29191,-98.0
Medium-Decay (10k),1337,218,29326,-134.0
Medium-Decay (10k),1337,219,29436,-109.0
Medium-Decay (10k),1337,220,29521,-84.0
Medium-Decay (10k),1337,221,29596,-74.0
Medium-Decay (10k),1337,222,29697,-100.0
Medium-Decay (10k),1337,223,29778,-80.0
Medium-Decay (10k),1337,224,29895,-116.0
Medium-Decay (10k),1337,225,29994,-98.0
Medium-Decay (10k),1337,226,30104,-109.0
Medium-Decay (10k),1337,227,30191,-86.0
Medium-Decay (10k),1337,228,30268,-76.0
Medium-Decay (10k),1337,229,30348,-79.0
Medium-Decay (10k),1337,230,30432,-83.0
Medium-Decay (10k),1337,231,30514,-81.0
Medium-Decay (10k),1337,232,30601,-86.0
Medium-Decay (10k),1337,233,30679,-77.0
Medium-Decay (10k),1337,234,30799,-119.0
Medium-Decay (10k),1337,235,30870,-70.0
Medium-Decay (10k),1337,236,30958,-87.0
Medium-Decay (10k),1337,237,31040,-81.0
Medium-Decay (10k),1337,238,31133,-92.0
Medium-Decay (10k),1337,239,31231,-97.0
Medium-Decay (10k),1337,240,31308,-76.0
Medium-Decay (10k),1337,241,31383,-74.0
Medium-Decay (10k),1337,242,31455,-71.0
Medium-Decay (10k),1337,243,31533,-77.0
Medium-Decay (10k),1337,244,31621,-87.0
Medium-Decay (10k),1337,245,31723,-101.0
Medium-Decay (10k),1337,246,31813,-89.0
Medium-Decay (10k),1337,247,31917,-103.0
Medium-Decay (10k),1337,248,31991,-73.0
Medium-Decay (10k),1337,249,32074,-82.0
Medium-Decay (10k),1337,250,32168,-93.0
Medium-Decay (10k),1337,251,32252,-83.0
Medium-Decay (10k),1337,252,32324,-71.0
Medium-Decay (10k),1337,253,32410,-85.0
Medium-Decay (10k),1337,254,32497,-86.0
Medium-Decay (10k),1337,255,32572,-74.0
Medium-Decay (10k),1337,256,32634,-61.0
Medium-Decay (10k),1337,257,32730,-95.0
Medium-Decay (10k),1337,258,32821,-90.0
Medium-Decay (10k),1337,259,32910,-88.0
Medium-Decay (10k),1337,260,33160,-249.0
Medium-Decay (10k),1337,261,33232,-71.0
Medium-Decay (10k),1337,262,33312,-79.0
Medium-Decay (10k),1337,263,33409,-96.0
Medium-Decay (10k),1337,264,33513,-103.0
Medium-Decay (10k),1337,265,33588,-74.0
Medium-Decay (10k),1337,266,33679,-90.0
Medium-Decay (10k),1337,267,33744,-64.0
Medium-Decay (10k),1337,268,33822,-77.0
Medium-Decay (10k),1337,269,33901,-78.0
Medium-Decay (10k),1337,270,33986,-84.0
Medium-Decay (10k),1337,271,34062,-75.0
Medium-Decay (10k),1337,272,34142,-79.0
Medium-Decay (10k),1337,273,34364,-221.0
Medium-Decay (10k),1337,274,34438,-73.0
Medium-Decay (10k),1337,275,34509,-70.0
Medium-Decay (10k),1337,276,34618,-108.0
Medium-Decay (10k),1337,277,34720,-101.0
Medium-Decay (10k),1337,278,34784,-63.0
Medium-Decay (10k),1337,279,34888,-103.0
Medium-Decay (10k),1337,280,34962,-73.0
Medium-Decay (10k),1337,281,35051,-88.0
Medium-Decay (10k),1337,282,35146,-94.0
Medium-Decay (10k),1337,283,35224,-77.0
Medium-Decay (10k),1337,284,35318,-93.0
Medium-Decay (10k),1337,285,35392,-73.0
Medium-Decay (10k),1337,286,35476,-83.0
Medium-Decay (10k),1337,287,35540,-63.0
Medium-Decay (10k),1337,288,35619,-78.0
Medium-Decay (10k),1337,289,35683,-63.0
Medium-Decay (10k),1337,290,35766,-82.0
Medium-Decay (10k),1337,291,35837,-70.0
Medium-Decay (10k),1337,292,35922,-84.0
Medium-Decay (10k),1337,293,35985,-62.0
Medium-Decay (10k),1337,294,36063,-77.0
Medium-Decay (10k),1337,295,36191,-127.0
Medium-Decay (10k),1337,296,36305,-113.0
Medium-Decay (10k),1337,297,36403,-97.0
Medium-Decay (10k),1337,298,36475,-71.0
Medium-Decay (10k),1337,299,36557,-81.0
Medium-Decay (10k),1337,300,36634,-76.0
Medium-Decay (10k),1337,301,36802,-167.0
Medium-Decay (10k),1337,302,36910,-107.0
Medium-Decay (10k),1337,303,36982,-71.0
Medium-Decay (10k),1337,304,37046,-63.0
Medium-Decay (10k),1337,305,37205,-158.0
Medium-Decay (10k),1337,306,37290,-84.0
Medium-Decay (10k),1337,307,37368,-77.0
Medium-Decay (10k),1337,308,37452,-83.0
Medium-Decay (10k),1337,309,37535,-82.0
Medium-Decay (10k),1337,310,37618,-82.0
Medium-Decay (10k),1337,311,37700,-81.0
Medium-Decay (10k),1337,312,37787,-86.0
Medium-Decay (10k),1337,313,37869,-81.0
Medium-Decay (10k),1337,314,37962,-92.0
Medium-Decay (10k),1337,315,38039,-76.0
Medium-Decay (10k),1337,316,38124,-84.0
Medium-Decay (10k),1337,317,38200,-75.0
Medium-Decay (10k),1337,318,38304,-103.0
Medium-Decay (10k),1337,319,38369,-64.0
Medium-Decay (10k),1337,320,38462,-92.0
Medium-Decay (10k),1337,321,38556,-93.0
Medium-Decay (10k),1337,322,38659,-102.0
Medium-Decay (10k),1337,323,38754,-94.0
Medium-Decay (10k),1337,324,38824,-69.0
Medium-Decay (10k),1337,325,38901,-76.0
Medium-Decay (10k),1337,326,38991,-89.0
Medium-Decay (10k),1337,327,39071,-79.0
Medium-Decay (10k),1337,328,39133,-61.0
Medium-Decay (10k),1337,329,39202,-68.0
Medium-Decay (10k),1337,330,39287,-84.0
Medium-Decay (10k),1337,331,39366,-78.0
Medium-Decay (10k),1337,332,39428,-61.0
Medium-Decay (10k),1337,333,39510,-81.0
Medium-Decay (10k),1337,334,39573,-62.0
Medium-Decay (10k),1337,335,39643,-69.0
Medium-Decay (10k),1337,336,39728,-84.0
Medium-Decay (10k),1337,337,39798,-69.0
Medium-Decay (10k),1337,338,39895,-96.0
Medium-Decay (10k),1337,339,39988,-92.0
Medium-Decay (10k),1337,340,40081,-92.0
Medium-Decay (10k),1337,341,40171,-89.0
Medium-Decay (10k),1337,342,40282,-110.0
Medium-Decay (10k),1337,343,40358,-75.0
Medium-Decay (10k),1337,344,40450,-91.0
Medium-Decay (10k),1337,345,40614,-163.0
Medium-Decay (10k),1337,346,40693,-78.0
Medium-Decay (10k),1337,347,40785,-91.0
Medium-Decay (10k),1337,348,40877,-91.0
Medium-Decay (10k),1337,349,40955,-77.0
Medium-Decay (10k),1337,350,41033,-77.0
Medium-Decay (10k),1337,351,41127,-93.0
Medium-Decay (10k),1337,352,41191,-63.0
Medium-Decay (10k),1337,353,41256,-64.0
Medium-Decay (10k),1337,354,41346,-89.0
Medium-Decay (10k),1337,355,41440,-93.0
Medium-Decay (10k),1337,356,41550,-109.0
Medium-Decay (10k),1337,357,41631,-80.0
Medium-Decay (10k),1337,358,41725,-93.0
Medium-Decay (10k),1337,359,41794,-68.0
Medium-Decay (10k),1337,360,41996,-201.0
Medium-Decay (10k),1337,361,42080,-83.0
Medium-Decay (10k),1337,362,42144,-63.0
Medium-Decay (10k),1337,363,42226,-81.0
Medium-Decay (10k),1337,364,42311,-84.0
Medium-Decay (10k),1337,365,42406,-94.0
Medium-Decay (10k),1337,366,42480,-73.0
Medium-Decay (10k),1337,367,42563,-82.0
Medium-Decay (10k),1337,368,42685,-121.0
Medium-Decay (10k),1337,369,42789,-103.0
Medium-Decay (10k),1337,370,42860,-70.0
Medium-Decay (10k),1337,371,42923,-62.0
Medium-Decay (10k),1337,372,43001,-77.0
Medium-Decay (10k),1337,373,43108,-106.0
Medium-Decay (10k),1337,374,43207,-98.0
Medium-Decay (10k),1337,375,43300,-92.0
Medium-Decay (10k),1337,376,43386,-85.0
Medium-Decay (10k),1337,377,43474,-87.0
Medium-Decay (10k),1337,378,43565,-90.0
Medium-Decay (10k),1337,379,43643,-77.0
Medium-Decay (10k),1337,380,43721,-77.0
Medium-Decay (10k),1337,381,43798,-76.0
Medium-Decay (10k),1337,382,43882,-83.0
Medium-Decay (10k),1337,383,43977,-94.0
Medium-Decay (10k),1337,384,44052,-74.0
Medium-Decay (10k),1337,385,44144,-91.0
Medium-Decay (10k),1337,386,44230,-85.0
Medium-Decay (10k),1337,387,44334,-103.0
Medium-Decay (10k),1337,388,44410,-75.0
Medium-Decay (10k),1337,389,44489,-78.0
Medium-Decay (10k),1337,390,44571,-81.0
Medium-Decay (10k),1337,391,44660,-88.0
Medium-Decay (10k),1337,392,44738,-77.0
Medium-Decay (10k),1337,393,44842,-103.0
Medium-Decay (10k),1337,394,44920,-77.0
Medium-Decay (10k),1337,395,45043,-122.0
Medium-Decay (10k),1337,396,45121,-77.0
Medium-Decay (10k),1337,397,45203,-81.0
Medium-Decay (10k),1337,398,45293,-89.0
Medium-Decay (10k),1337,399,45376,-82.0
Medium-Decay (10k),1337,400,45452,-75.0
Medium-Decay (10k),2024,1,500,-500.0
Medium-Decay (10k),2024,2,1000,-500.0
Medium-Decay (10k),2024,3,1500,-500.0
Medium-Decay (10k),2024,4,2000,-500.0
Medium-Decay (10k),2024,5,2500,-500.0
Medium-Decay (10k),2024,6,2886,-385.0
Medium-Decay (10k),2024,7,3284,-397.0
Medium-Decay (10k),2024,8,3610,-325.0
Medium-Decay (10k),2024,9,3900,-289.0
Medium-Decay (10k),2024,10,4113,-212.0
Medium-Decay (10k),2024,11,4310,-196.0
Medium-Decay (10k),2024,12,4611,-300.0
Medium-Decay (10k),2024,13,4847,-235.0
Medium-Decay (10k),2024,14,5002,-154.0
Medium-Decay (10k),2024,15,5155,-152.0
Medium-Decay (10k),2024,16,5324,-168.0
Medium-Decay (10k),2024,17,5502,-177.0
Medium-Decay (10k),2024,18,5699,-196.0
Medium-Decay (10k),2024,19,5871,-171.0
Medium-Decay (10k),2024,20,6115,-243.0
Medium-Decay (10k),2024,21,6245,-129.0
Medium-Decay (10k),2024,22,6451,-205.0
Medium-Decay (10k),2024,23,6650,-198.0
Medium-Decay (10k),2024,24,6744,-93.0
Medium-Decay (10k),2024,25,6898,-153.0
Medium-Decay (10k),2024,26,7060,-161.0
Medium-Decay (10k),2024,27,7217,-156.0
Medium-Decay (10k),2024,28,7357,-139.0
Medium-Decay (10k),2024,29,7459,-101.0
Medium-Decay (10k),2024,30,7586,-126.0
Medium-Decay (10k),2024,31,7748,-161.0
Medium-Decay (10k),2024,32,7855,-106.0
Medium-Decay (10k),2024,33,8032,-176.0
Medium-Decay (10k),2024,34,8181,-148.0
Medium-Decay (10k),2024,35,8317,-135.0
Medium-Decay (10k),2024,36,8446,-128.0
Medium-Decay (10k),2024,37,8708,-261.0
Medium-Decay (10k),2024,38,8785,-76.0
Medium-Decay (10k),2024,39,8942,-156.0
Medium-Decay (10k),2024,40,9069,-126.0
Medium-Decay (10k),2024,41,9160,-90.0
Medium-Decay (10k),2024,42,9262,-101.0
Medium-Decay (10k),2024,43,9408,-145.0
Medium-Decay (10k),2024,44,9552,-143.0
Medium-Decay (10k),2024,45,9645,-92.0
Medium-Decay (10k),2024,46,9807,-161.0
Medium-Decay (10k),2024,47,9974,-166.0
Medium-Decay (10k),2024,48,10116,-141.0
Medium-Decay (10k),2024,49,10240,-123.0
Medium-Decay (10k),2024,50,10343,-102.0
Medium-Decay (10k),2024,51,10492,-148.0
Medium-Decay (10k),2024,52,10582,-89.0
Medium-Decay (10k),2024,53,10703,-120.0
Medium-Decay (10k),2024,54,10793,-89.0
Medium-Decay (10k),2024,55,10963,-169.0
Medium-Decay (10k),2024,56,11063,-99.0
Medium-Decay (10k),2024,57,11158,-94.0
Medium-Decay (10k),2024,58,11273,-114.0
Medium-Decay (10k),2024,59,11404,-130.0
Medium-Decay (10k),2024,60,11505,-100.0
Medium-Decay (10k),2024,61,11590,-84.0
Medium-Decay (10k),2024,62,11713,-122.0
Medium-Decay (10k),2024,63,11811,-97.0
Medium-Decay (10k),2024,64,11950,-138.0
Medium-Decay (10k),2024,65,12045,-94.0
Medium-Decay (10k),2024,66,12154,-108.0
Medium-Decay (10k),2024,67,12274,-119.0
Medium-Decay (10k),2024,68,12370,-95.0
Medium-Decay (10k),2024,69,12554,-183.0
Medium-Decay (10k),2024,70,12640,-85.0
Medium-Decay (10k),2024,71,12746,-105.0
Medium-Decay (10k),2024,72,12823,-76.0
Medium-Decay (10k),2024,73,12906,-82.0
Medium-Decay (10k),2024,74,13069,-162.0
Medium-Decay (10k),2024,75,13209,-139.0
Medium-Decay (10k),2024,76,13435,-225.0
Medium-Decay (10k),2024,77,13621,-185.0
Medium-Decay (10k),2024,78,13741,-119.0
Medium-Decay (10k),2024,79,13888,-146.0
Medium-Decay (10k),2024,80,14019,-130.0
Medium-Decay (10k),2024,81,14108,-88.0
Medium-Decay (10k),2024,82,14228,-119.0
Medium-Decay (10k),2024,83,14370,-141.0
Medium-Decay (10k),2024,84,14463,-92.0
Medium-Decay (10k),2024,85,14599,-135.0
Medium-Decay (10k),2024,86,14728,-128.0
Medium-Decay (10k),2024,87,15021,-292.0
Medium-Decay (10k),2024,88,15143,-121.0
Medium-Decay (10k),2024,89,15558,-414.0
Medium-Decay (10k),2024,90,15694,-135.0
Medium-Decay (10k),2024,91,15803,-108.0
Medium-Decay (10k),2024,92,15943,-139.0
Medium-Decay (10k),2024,93,16061,-117.0
Medium-Decay (10k),2024,94,16213,-151.0
Medium-Decay (10k),2024,95,16316,-102.0
Medium-Decay (10k),2024,96,16450,-133.0
Medium-Decay (10k),2024,97,16559,-108.0
Medium-Decay (10k),2024,98,16633,-73.0
Medium-Decay (10k),2024,99,16743,-109.0
Medium-Decay (10k),2024,100,17012,-268.0
Medium-Decay (10k),2024,101,17154,-141.0
Medium-Decay (10k),2024,102,17302,-147.0
Medium-Decay (10k),2024,103,17454,-151.0
Medium-Decay (10k),2024,104,17694,-239.0
Medium-Decay (10k),2024,105,17831,-136.0
Medium-Decay (10k),2024,106,18035,-203.0
Medium-Decay (10k),2024,107,18141,-105.0
Medium-Decay (10k),2024,108,18309,-167.0
Medium-Decay (10k),2024,109,18428,-118.0
Medium-Decay (10k),2024,110,18542,-113.0
Medium-Decay (10k),2024,111,18668,-125.0
Medium-Decay (10k),2024,112,18782,-113.0
Medium-Decay (10k),2024,113,18949,-166.0
Medium-Decay (10k),2024,114,19117,-167.0
Medium-Decay (10k),2024,115,19239,-121.0
Medium-Decay (10k),2024,116,19351,-111.0
Medium-Decay (10k),2024,117,19455,-103.0
Medium-Decay (10k),2024,118,19615,-159.0
Medium-Decay (10k),2024,119,19762,-146.0
Medium-Decay (10k),2024,120,19846,-83.0
Medium-Decay (10k),2024,121,19995,-148.0
Medium-Decay (10k),2024,122,20090,-94.0
Medium-Decay (10k),2024,123,20257,-166.0
Medium-Decay (10k),2024,124,20361,-103.0
Medium-Decay (10k),2024,125,20463,-101.0
Medium-Decay (10k),2024,126,20558,-94.0
Medium-Decay (10k),2024,127,20634,-75.0
Medium-Decay (10k),2024,128,20731,-96.0
Medium-Decay (10k),2024,129,20871,-139.0
Medium-Decay (10k),2024,130,20972,-100.0
Medium-Decay (10k),2024,131,21068,-95.0
Medium-Decay (10k),2024,132,21309,-240.0
Medium-Decay (10k),2024,133,21396,-86.0
Medium-Decay (10k),2024,134,21485,-88.0
Medium-Decay (10k),2024,135,21586,-100.0
Medium-Decay (10k),2024,136,21732,-145.0
Medium-Decay (10k),2024,137,21831,-98.0
Medium-Decay (10k),2024,138,21913,-81.0
Medium-Decay (10k),2024,139,22004,-90.0
Medium-Decay (10k),2024,140,22126,-121.0
Medium-Decay (10k),2024,141,22250,-123.0
Medium-Decay (10k),2024,142,22350,-99.0
Medium-Decay (10k),2024,143,22473,-122.0
Medium-Decay (10k),2024,144,22570,-96.0
Medium-Decay (10k),2024,145,22676,-105.0
Medium-Decay (10k),2024,146,22809,-132.0
Medium-Decay (10k),2024,147,22925,-115.0
Medium-Decay (10k),2024,148,23025,-99.0
Medium-Decay (10k),2024,149,23157,-131.0
Medium-Decay (10k),2024,150,23282,-124.0
Medium-Decay (10k),2024,151,23393,-110.0
Medium-Decay (10k),2024,152,23495,-101.0
Medium-Decay (10k),2024,153,23561,-65.0
Medium-Decay (10k),2024,154,23664,-102.0
Medium-Decay (10k),2024,155,23769,-104.0
Medium-Decay (10k),2024,156,23873,-103.0
Medium-Decay (10k),2024,157,23971,-97.0
Medium-Decay (10k),2024,158,24060,-88.0
Medium-Decay (10k),2024,159,24146,-85.0
Medium-Decay (10k),2024,160,24241,-94.0
Medium-Decay (10k),2024,161,24344,-102.0
Medium-Decay (10k),2024,162,24435,-90.0
Medium-Decay (10k),2024,163,24528,-92.0
Medium-Decay (10k),2024,164,24621,-92.0
Medium-Decay (10k),2024,165,24725,-103.0
Medium-Decay (10k),2024,166,24835,-109.0
Medium-Decay (10k),2024,167,24924,-88.0
Medium-Decay (10k),2024,168,25021,-96.0
Medium-Decay (10k),2024,169,25171,-149.0
Medium-Decay (10k),2024,170,25265,-93.0
Medium-Decay (10k),2024,171,25461,-195.0
Medium-Decay (10k),2024,172,25594,-132.0
Medium-Decay (10k),2024,173,25704,-109.0
Medium-Decay (10k),2024,174,25785,-80.0
Medium-Decay (10k),2024,175,25886,-100.0
Medium-Decay (10k),2024,176,25960,-73.0
Medium-Decay (10k),2024,177,26062,-101.0
Medium-Decay (10k),2024,178,26173,-110.0
Medium-Decay (10k),2024,179,26277,-103.0
Medium-Decay (10k),2024,180,26382,-104.0
Medium-Decay (10k),2024,181,26487,-104.0
Medium-Decay (10k),2024,182,26564,-76.0
Medium-Decay (10k),2024,183,26638,-73.0
Medium-Decay (10k),2024,184,26741,-102.0
Medium-Decay (10k),2024,185,26837,-95.0
Medium-Decay (10k),2024,186,26943,-105.0
Medium-Decay (10k),2024,187,27033,-89.0
Medium-Decay (10k),2024,188,27120,-86.0
Medium-Decay (10k),2024,189,27219,-98.0
Medium-Decay (10k),2024,190,27345,-125.0
Medium-Decay (10k),2024,191,27440,-94.0
Medium-Decay (10k),2024,192,27527,-86.0
Medium-Decay (10k),2024,193,27629,-101.0
Medium-Decay (10k),2024,194,27747,-117.0
Medium-Decay (10k),2024,195,27861,-113.0
Medium-Decay (10k),2024,196,27971,-109.0
Medium-Decay (10k),2024,197,28059,-87.0
Medium-Decay (10k),2024,198,28139,-79.0
Medium-Decay (10k),2024,199,28244,-104.0
Medium-Decay (10k),2024,200,28353,-108.0
Medium-Decay (10k),2024,201,28446,-92.0
Medium-Decay (10k),2024,202,28550,-103.0
Medium-Decay (10k),2024,203,28632,-81.0
Medium-Decay (10k),2024,204,28746,-113.0
Medium-Decay (10k),2024,205,28906,-159.0
Medium-Decay (10k),2024,206,29049,-142.0
Medium-Decay (10k),2024,207,29159,-109.0
Medium-Decay (10k),2024,208,29247,-87.0
Medium-Decay (10k),2024,209,29359,-111.0
Medium-Decay (10k),2024,210,29502,-142.0
Medium-Decay (10k),2024,211,29610,-107.0
Medium-Decay (10k),2024,212,29727,-116.0
Medium-Decay (10k),2024,213,29846,-118.0
Medium-Decay (10k),2024,214,29943,-96.0
Medium-Decay (10k),2024,215,30029,-85.0
Medium-Decay (10k),2024,216,30120,-90.0
Medium-Decay (10k),2024,217,30213,-92.0
Medium-Decay (10k),2024,218,30299,-85.0
Medium-Decay (10k),2024,219,30485,-185.0
Medium-Decay (10k),2024,220,30575,-89.0
Medium-Decay (10k),2024,221,30714,-138.0
Medium-Decay (10k),2024,222,30817,-102.0
Medium-Decay (10k),2024,223,30897,-79.0
Medium-Decay (10k),2024,224,30987,-89.0
Medium-Decay (10k),2024,225,31066,-78.0
Medium-Decay (10k),2024,226,31151,-84.0
Medium-Decay (10k),2024,227,31281,-129.0
Medium-Decay (10k),2024,228,31388,-106.0
Medium-Decay (10k),2024,229,31490,-101.0
Medium-Decay (10k),2024,230,31603,-112.0
Medium-Decay (10k),2024,231,31690,-86.0
Medium-Decay (10k),2024,232,31771,-80.0
Medium-Decay (10k),2024,233,31870,-98.0
Medium-Decay (10k),2024,234,31976,-105.0
Medium-Decay (10k),2024,235,32056,-79.0
Medium-Decay (10k),2024,236,32168,-111.0
Medium-Decay (10k),2024,237,32321,-152.0
Medium-Decay (10k),2024,238,32418,-96.0
Medium-Decay (10k),2024,239,32497,-78.0
Medium-Decay (10k),2024,240,32578,-80.0
Medium-Decay (10k),2024,241,32655,-76.0
Medium-Decay (10k),2024,242,32726,-70.0
Medium-Decay (10k),2024,243,32827,-100.0
Medium-Decay (10k),2024,244,32907,-79.0
Medium-Decay (10k),2024,245,33010,-102.0
Medium-Decay (10k),2024,246,33096,-85.0
Medium-Decay (10k),2024,247,33200,-103.0
Medium-Decay (10k),2024,248,33294,-93.0
Medium-Decay (10k),2024,249,33388,-93.0
Medium-Decay (10k),2024,250,33496,-107.0
Medium-Decay (10k),2024,251,33627,-130.0
Medium-Decay (10k),2024,252,33721,-93.0
Medium-Decay (10k),2024,253,33800,-78.0
Medium-Decay (10k),2024,254,33903,-102.0
Medium-Decay (10k),2024,255,34001,-97.0
Medium-Decay (10k),2024,256,34098,-96.0
Medium-Decay (10k),2024,257,34208,-109.0
Medium-Decay (10k),2024,258,34280,-71.0
Medium-Decay (10k),2024,259,34388,-107.0
Medium-Decay (10k),2024,260,34474,-85.0
Medium-Decay (10k),2024,261,34616,-141.0
Medium-Decay (10k),2024,262,34690,-73.0
Medium-Decay (10k),2024,263,34763,-72.0
Medium-Decay (10k),2024,264,34844,-80.0
Medium-Decay (10k),2024,265,34916,-71.0
Medium-Decay (10k),2024,266,35048,-131.0
Medium-Decay (10k),2024,267,35175,-126.0
Medium-Decay (10k),2024,268,35262,-86.0
Medium-Decay (10k),2024,269,35359,-96.0
Medium-Decay (10k),2024,270,35451,-91.0
Medium-Decay (10k),2024,271,35525,-73.0
Medium-Decay (10k),2024,272,35602,-76.0
Medium-Decay (10k),2024,273,35678,-75.0
Medium-Decay (10k),2024,274,35813,-134.0
Medium-Decay (10k),2024,275,35913,-99.0
Medium-Decay (10k),2024,276,36013,-99.0
Medium-Decay (10k),2024,277,36107,-93.0
Medium-Decay (10k),2024,278,36185,-77.0
Medium-Decay (10k),2024,279,36278,-92.0
Medium-Decay (10k),2024,280,36374,-95.0
Medium-Decay (10k),2024,281,36458,-83.0
Medium-Decay (10k),2024,282,36547,-88.0
Medium-Decay (10k),2024,283,36647,-99.0
Medium-Decay (10k),2024,284,36757,-109.0
Medium-Decay (10k),2024,285,36844,-86.0
Medium-Decay (10k),2024,286,36950,-105.0
Medium-Decay (10k),2024,287,37033,-82.0
Medium-Decay (10k),2024,288,37118,-84.0
Medium-Decay (10k),2024,289,37188,-69.0
Medium-Decay (10k),2024,290,37282,-93.0
Medium-Decay (10k),2024,291,37380,-97.0
Medium-Decay (10k),2024,292,37482,-101.0
Medium-Decay (10k),2024,293,37559,-76.0
Medium-Decay (10k),2024,294,37634,-74.0
Medium-Decay (10k),2024,295,37737,-102.0
Medium-Decay (10k),2024,296,37845,-107.0
Medium-Decay (10k),2024,297,37921,-75.0
Medium-Decay (10k),2024,298,38017,-95.0
Medium-Decay (10k),2024,299,38122,-104.0
Medium-Decay (10k),2024,300,38204,-81.0
Medium-Decay (10k),2024,301,38283,-78.0
Medium-Decay (10k),2024,302,38381,-97.0
Medium-Decay (10k),2024,303,38518,-136.0
Medium-Decay (10k),2024,304,38580,-61.0
Medium-Decay (10k),2024,305,38666,-85.0
Medium-Decay (10k),2024,306,38742,-75.0
Medium-Decay (10k),2024,307,38824,-81.0
Medium-Decay (10k),2024,308,38909,-84.0
Medium-Decay (10k),2024,309,39009,-99.0
Medium-Decay (10k),2024,310,39114,-104.0
Medium-Decay (10k),2024,311,39220,-105.0
Medium-Decay (10k),2024,312,39305,-84.0
Medium-Decay (10k),2024,313,39387,-81.0
Medium-Decay (10k),2024,314,39467,-79.0
Medium-Decay (10k),2024,315,39546,-78.0
Medium-Decay (10k),2024,316,39626,-79.0
Medium-Decay (10k),2024,317,39733,-106.0
Medium-Decay (10k),2024,318,39833,-99.0
Medium-Decay (10k),2024,319,39920,-86.0
Medium-Decay (10k),2024,320,40014,-93.0
Medium-Decay (10k),2024,321,40107,-92.0
Medium-Decay (10k),2024,322,40204,-96.0
Medium-Decay (10k),2024,323,40299,-94.0
Medium-Decay (10k),2024,324,40433,-133.0
Medium-Decay (10k),2024,325,40528,-94.0
Medium-Decay (10k),2024,326,40606,-77.0
Medium-Decay (10k),2024,327,40700,-93.0
Medium-Decay (10k),2024,328,40805,-104.0
Medium-Decay (10k),2024,329,40912,-106.0
Medium-Decay (10k),2024,330,40974,-61.0
Medium-Decay (10k),2024,331,41049,-74.0
Medium-Decay (10k),2024,332,41177,-127.0
Medium-Decay (10k),2024,333,41269,-91.0
Medium-Decay (10k),2024,334,41339,-69.0
Medium-Decay (10k),2024,335,41446,-106.0
Medium-Decay (10k),2024,336,41535,-88.0
Medium-Decay (10k),2024,337,41618,-82.0
Medium-Decay (10k),2024,338,41709,-90.0
Medium-Decay (10k),2024,339,41811,-101.0
Medium-Decay (10k),2024,340,41903,-91.0
Medium-Decay (10k),2024,341,42012,-108.0
Medium-Decay (10k),2024,342,42106,-93.0
Medium-Decay (10k),2024,343,42274,-167.0
Medium-Decay (10k),2024,344,42352,-77.0
Medium-Decay (10k),2024,345,42458,-105.0
Medium-Decay (10k),2024,346,42556,-97.0
Medium-Decay (10k),2024,347,42650,-93.0
Medium-Decay (10k),2024,348,42748,-97.0
Medium-Decay (10k),2024,349,42810,-61.0
Medium-Decay (10k),2024,350,42900,-89.0
Medium-Decay (10k),2024,351,42997,-96.0
Medium-Decay (10k),2024,352,43136,-138.0
Medium-Decay (10k),2024,353,43333,-196.0
Medium-Decay (10k),2024,354,43475,-141.0
Medium-Decay (10k),2024,355,43616,-140.0
Medium-Decay (10k),2024,356,43705,-88.0
Medium-Decay (10k),2024,357,43792,-86.0
Medium-Decay (10k),2024,358,43873,-80.0
Medium-Decay (10k),2024,359,43948,-74.0
Medium-Decay (10k),2024,360,44031,-82.0
Medium-Decay (10k),2024,361,44116,-84.0
Medium-Decay (10k),2024,362,44196,-79.0
Medium-Decay (10k),2024,363,44282,-85.0
Medium-Decay (10k),2024,364,44374,-91.0
Medium-Decay (10k),2024,365,44479,-104.0
Medium-Decay (10k),2024,366,44608,-128.0
Medium-Decay (10k),2024,367,44706,-97.0
Medium-Decay (10k),2024,368,44860,-153.0
Medium-Decay (10k),2024,369,44944,-83.0
Medium-Decay (10k),2024,370,45030,-85.0
Medium-Decay (10k),2024,371,45112,-81.0
Medium-Decay (10k),2024,372,45189,-76.0
Medium-Decay (10k),2024,373,45270,-80.0
Medium-Decay (10k),2024,374,45347,-76.0
Medium-Decay (10k),2024,375,45424,-76.0
Medium-Decay (10k),2024,376,45524,-99.0
Medium-Decay (10k),2024,377,45616,-91.0
Medium-Decay (10k),2024,378,45715,-98.0
Medium-Decay (10k),2024,379,45780,-64.0
Medium-Decay (10k),2024,380,45859,-78.0
Medium-Decay (10k),2024,381,45952,-92.0
Medium-Decay (10k),2024,382,46192,-239.0
Medium-Decay (10k),2024,383,46296,-103.0
Medium-Decay (10k),2024,384,46371,-74.0
Medium-Decay (10k),2024,385,46465,-93.0
Medium-Decay (10k),2024,386,46543,-77.0
Medium-Decay (10k),2024,387,46635,-91.0
Medium-Decay (10k),2024,388,46699,-63.0
Medium-Decay (10k),2024,389,46793,-93.0
Medium-Decay (10k),2024,390,46920,-126.0
Medium-Decay (10k),2024,391,47017,-96.0
Medium-Decay (10k),2024,392,47087,-69.0
Medium-Decay (10k),2024,393,47196,-108.0
Medium-Decay (10k),2024,394,47300,-103.0
Medium-Decay (10k),2024,395,47442,-141.0
Medium-Decay (10k),2024,396,47519,-76.0
Medium-Decay (10k),2024,397,47753,-233.0
Medium-Decay (10k),2024,398,47839,-85.0
Medium-Decay (10k),2024,399,47932,-92.0
Medium-Decay (10k),2024,400,48016,-83.0
